<?xml version="1.0" encoding="utf-8" ?>
<dwsync>
<file name="titleBackground.jpg" server="C:/wamp/www/projectNew/" local="129362743200000000" remote="129362743200000000" />
<file name="p.png" server="C:/wamp/www/projectNew/" local="129362743200000000" remote="129362743200000000" />
<file name="footerBackground.jpg" server="C:/wamp/www/projectNew/" local="129362742600000000" remote="129362742600000000" />
<file name="menuBackground.jpg" server="C:/wamp/www/projectNew/" local="129362742600000000" remote="129362742600000000" />
<file name="menuActive.jpg" server="C:/wamp/www/projectNew/" local="129362742600000000" remote="129362742600000000" />
<file name="facebook_32.png" server="C:/wamp/www/projectNew/" local="129362742600000000" remote="129362742600000000" />
<file name="twitter_32.png" server="C:/wamp/www/projectNew/" local="129362743200000000" remote="129362743200000000" />
<file name="menuSeparator.png" server="C:/wamp/www/projectNew/" local="129362742600000000" remote="129362742600000000" />
<file name="phone.jpg" server="C:/wamp/www/projectNew/" local="129362743200000000" remote="129362743200000000" />
<file name="iphone.jpg" server="C:/wamp/www/projectNew/" local="129362742600000000" remote="129362742600000000" />
</dwsync>