<?xml version="1.0" encoding="utf-8" ?>
<dwsync>
<file name="class.soapclient.php" server="D:/wamp/www/evs-bookshop31/" local="129167986880000000" remote="129167986880000000" />
<file name="class.soap_val.php" server="D:/wamp/www/evs-bookshop31/" local="128388456360000000" remote="128388456360000000" />
<file name="class.soap_parser.php" server="D:/wamp/www/evs-bookshop31/" local="129167986880000000" remote="129167986880000000" />
<file name="class.soap_fault.php" server="D:/wamp/www/evs-bookshop31/" local="128388456360000000" remote="128388456360000000" />
<file name="class.soap_transport_http.php" server="D:/wamp/www/evs-bookshop31/" local="129167986880000000" remote="129167986880000000" />
<file name="class.xmlschema.php" server="D:/wamp/www/evs-bookshop31/" local="129167986880000000" remote="129167986880000000" />
<file name="class.wsdl.php" server="D:/wamp/www/evs-bookshop31/" local="129167986880000000" remote="129167986880000000" />
<file name="class.soap_server.php" server="D:/wamp/www/evs-bookshop31/" local="129167986880000000" remote="129167986880000000" />
<file name="nusoap.php" server="D:/wamp/www/evs-bookshop31/" local="129167986880000000" remote="129167986880000000" />
</dwsync>